TOK and TOK,1
address of overloaded,2
argument type TOK is,35
array initializer,3
array type TOK,3
assigning to TOK,2
cannot assign,1
conflicting types,136
expected TOK,18
expression cannot,100
expression is,2
initializing TOK,2
invalid digit,22
invalid operands,1
member reference,1
non-void,1
operand of type TOK cannot,1
passing TOK,1
returning TOK,4
subscripted value,328
too many/few,1
use of undeclared identifier,1712
use of undeclared label ,100
using declaration,2
incomplete type,1303
incomplete definition,1
indirection requires,12
invalid argument,2
invalid suffix,343
operand of type TOK where,1
redefinition,75
unknown type name TOK,11
array subscript,1
pointer cannot,1
statement requires,1
called object,8
TOK statement not,1
